Old Ward Code,New ward code,Ward,Borough,Life_Expectancy,Childhood_Obesity,Unemployment_rate,Public_Transport,Homes_greenspace ,GCSE
00AA,E09000001,City of London,City of London,86.4,24.2,2.4,7.7,-6.5,353.896
00ABFX,E05000026,Abbey,Barking and Dagenham,82.0,22.0,8.5,5.9,-0.9,328.483161
00ABFY,E05000027,Alibon,Barking and Dagenham,79.0,25.9,9.9,3.2,-1.8,324.9010338
00ABFZ,E05000028,Becontree,Barking and Dagenham,79.2,24.1,9.7,2.9,-5.5,328.1919617
00ABGA,E05000029,Chadwell Heath,Barking and Dagenham,80.8,25.2,8.5,2.3,2.0,329.7770531
00ABGB,E05000030,Eastbrook,Barking and Dagenham,79.2,23.6,7.7,2.3,5.7,334.776419
00ABGC,E05000031,Eastbury,Barking and Dagenham,82.0,23.1,9.3,2.8,-8.2,332.4166592
00ABGD,E05000032,Gascoigne,Barking and Dagenham,78.2,23.4,12.9,3.8,-10.0,325.6675542
00ABGE,E05000033,Goresbrook,Barking and Dagenham,80.3,25.3,9.2,2.5,4.8,325.7663188
00ABGF,E05000034,Heath,Barking and Dagenham,78.5,25.7,11.6,2.6,0.4,327.0409441
00ABGG,E05000035,Longbridge,Barking and Dagenham,82.2,23.8,5.1,3.1,-2.2,354.803356
00ABGH,E05000036,Mayesbrook,Barking and Dagenham,80.0,23.1,9.1,2.6,2.4,330.4409466
00ABGJ,E05000037,Parsloes,Barking and Dagenham,79.9,24.8,9.0,2.7,-1.7,335.2360558
00ABGK,E05000038,River,Barking and Dagenham,76.5,26.7,8.4,3.0,2.9,322.657555
00ABGL,E05000039,Thames,Barking and Dagenham,80.1,23.7,9.6,2.3,-6.3,321.9698743
00ABGM,E05000040,Valence,Barking and Dagenham,78.8,22.6,9.3,3.2,-2.4,334.2592905
00ABGN,E05000041,Village,Barking and Dagenham,78.5,26.5,11.8,2.8,7.9,315.5167817
00ABGP,E05000042,Whalebone,Barking and Dagenham,83.4,25.6,6.1,2.9,-15.2,339.8476667
00ACFX,E05000043,Brunswick Park,Barnet,83.5,18.1,4.1,2.8,0.8,365.0039739
00ACFY,E05000044,Burnt Oak,Barnet,78.8,23.5,7.2,3.6,-7.4,332.0275266
00ACFZ,E05000045,Childs Hill,Barnet,81.1,24.7,5.6,4.5,-1.0,356.6263848
00ACGA,E05000046,Colindale,Barnet,83.9,22.1,5.5,2.5,-6.4,335.3716521
00ACGB,E05000047,Coppetts,Barnet,80.6,16.3,5.0,2.9,-2.0,358.1698359
00ACGC,E05000048,East Barnet,Barnet,83.2,18.5,4.4,2.6,4.3,347.6676637
00ACGD,E05000049,East Finchley,Barnet,83.6,14.1,4.1,2.6,-3.4,355.7894049
00ACGE,E05000050,Edgware,Barnet,85.6,21.0,4.2,2.9,-3.8,356.1326952
00ACGF,E05000051,Finchley Church End,Barnet,86.4,15.5,3.4,2.9,-13.3,370.7333404
00ACGG,E05000052,Garden Suburb,Barnet,87.1,8.5,2.1,2.7,1.4,386.2556993
00ACGH,E05000053,Golders Green,Barnet,81.6,17.1,4.5,3.4,-8.9,357.36418
00ACGJ,E05000054,Hale,Barnet,83.7,22.0,4.4,2.5,-5.1,347.9298697
00ACGK,E05000055,Hendon,Barnet,82.2,18.4,4.5,2.6,-7.3,367.4283271
00ACGL,E05000056,High Barnet,Barnet,83.1,16.3,3.0,2.7,3.8,377.3309617
00ACGM,E05000057,Mill Hill,Barnet,85.2,18.8,3.8,2.2,3.7,355.4198697
00ACGN,E05000058,Oakleigh,Barnet,82.7,15.5,3.6,3.2,-7.8,369.9297854
00ACGP,E05000059,Totteridge,Barnet,84.5,13.8,2.6,2.6,8.0,371.1156124
00ACGQ,E05000060,Underhill,Barnet,81.0,17.1,5.3,2.6,4.5,344.6255611
00ACGR,E05000061,West Finchley,Barnet,83.0,13.3,3.6,3.7,-16.1,375.7470049
00ACGS,E05000062,West Hendon,Barnet,83.4,18.9,5.5,3.5,-0.2,357.3130051
00ACGT,E05000063,Woodhouse,Barnet,83.1,18.2,4.6,2.8,-11.5,365.4352176
00ADGA,E05000064,Barnehurst,Bexley,82.6,21.0,3.5,3.0,-1.7,350.740229
00ADGB,E05000065,Belvedere,Bexley,82.6,21.4,6.0,2.5,4.5,323.4226354
00ADGC,E05000066,Blackfen and Lamorbey,Bexley,85.4,19.4,2.5,2.1,-5.0,354.8131699
00ADGD,E05000067,Blendon and Penhill,Bexley,84.4,18.8,2.6,2.0,1.1,355.2638169
00ADGE,E05000068,Brampton,Bexley,85.1,20.2,2.6,2.6,-8.5,359.4586831
00ADGF,E05000069,Christchurch,Bexley,81.6,19.4,3.5,3.4,-2.9,364.7761121
00ADGG,E05000070,Colyers,Bexley,81.6,23.0,6.3,2.0,-12.0,328.9951863
00ADGH,E05000071,Crayford,Bexley,81.9,21.5,5.4,2.0,-2.9,328.7002319
00ADGJ,E05000072,Cray Meadows,Bexley,81.9,24.3,4.5,2.0,10.6,339.7550188
00ADGK,E05000073,Danson Park,Bexley,82.2,19.3,3.4,2.9,5.9,355.6142644
00ADGL,E05000074,East Wickham,Bexley,83.1,22.4,4.2,2.7,-2.4,345.961009
00ADGM,E05000075,Erith,Bexley,81.9,25.8,6.3,2.5,6.9,335.6295886
00ADGN,E05000076,Falconwood and Welling,Bexley,83.2,19.1,3.2,2.5,-9.4,358.4003256
00ADGP,E05000077,Lesnes Abbey,Bexley,82.9,23.2,5.2,2.8,4.8,341.0728834
00ADGQ,E05000078,Longlands,Bexley,81.8,17.4,2.9,2.6,2.8,361.1890308
00ADGR,E05000079,North End,Bexley,78.7,25.4,8.5,2.4,14.8,316.2910618
00ADGS,E05000080,Northumberland Heath,Bexley,82.8,20.5,3.6,2.1,-5.9,341.1737128
00ADGT,E05000081,St Mary's,Bexley,84.9,17.6,2.2,2.6,6.1,370.0958038
00ADGU,E05000082,St Michael's,Bexley,82.8,20.1,3.7,2.1,-8.6,348.1702124
00ADGW,E05000083,Sidcup,Bexley,81.6,16.4,2.5,3.1,3.8,369.7220817
00ADGX,E05000084,Thamesmead East,Bexley,79.9,26.3,8.4,2.5,9.9,335.6659493
00AEGJ,E05000085,Alperton,Brent,82.5,18.4,4.6,3.0,-7.9,335.7327904
00AEGK,E05000086,Barnhill,Brent,79.4,27.9,6.9,2.9,6.8,344.3940687
00AEGL,E05000087,Brondesbury Park,Brent,84.0,19.3,5.4,3.9,-14.7,338.4010558
00AEGM,E05000088,Dollis Hill,Brent,85.5,21.1,7.6,2.8,0.1,329.7991453
00AEGN,E05000089,Dudden Hill,Brent,84.6,23.2,8.2,3.4,-4.0,338.0225865
00AEGP,E05000090,Fryent,Brent,82.4,18.3,5.3,2.8,8.9,349.8634067
00AEGQ,E05000091,Harlesden,Brent,80.5,26.9,19.7,3.8,-14.1,309.477853
00AEGR,E05000092,Kensal Green,Brent,84.3,24.5,12.3,4.0,-3.7,324.3465402
00AEGS,E05000093,Kenton,Brent,87.3,16.4,2.8,2.6,-2.2,371.2320968
00AEGT,E05000094,Kilburn,Brent,83.1,25.7,12.5,5.5,-13.4,325.7412943
00AEGU,E05000095,Mapesbury,Brent,81.5,23.1,7.2,4.5,-10.2,330.6320145
00AEGW,E05000096,Northwick Park,Brent,82.7,19.6,3.2,2.8,-1.1,364.469355
00AEGX,E05000097,Preston,Brent,82.7,22.0,4.9,3.2,0.3,347.5818752
00AEGY,E05000098,Queens Park,Brent,83.8,19.7,6.5,5.0,-5.1,344.4957677
00AEGZ,E05000099,Queensbury,Brent,82.2,22.8,4.4,3.0,-0.8,353.5031824
00AEHA,E05000100,Stonebridge,Brent,79.3,27.5,13.6,3.0,-12.1,314.8873943
00AEHB,E05000101,Sudbury,Brent,81.4,23.9,5.8,3.3,4.4,354.3739896
00AEHC,E05000102,Tokyngton,Brent,81.0,23.5,5.1,3.3,-6.3,332.2595996
00AEHD,E05000103,Welsh Harp,Brent,82.9,26.9,7.5,2.8,8.6,336.2123333
00AEHE,E05000104,Wembley Central,Brent,83.4,20.5,6.2,4.8,-6.6,345.4949702
00AEHF,E05000105,Willesden Green,Brent,80.4,23.1,8.3,4.6,-0.2,320.5707398
00AFGD,E05000106,Bickley,Bromley,81.6,13.1,2.4,2.3,-8.4,382.0732386
00AFGE,E05000107,Biggin Hill,Bromley,84.6,14.3,2.7,1.8,-1.4,345.5735446
00AFGF,E05000108,Bromley Common and Keston,Bromley,83.3,15.4,3.9,2.3,11.9,358.8940133
00AFGG,E05000109,Bromley Town,Bromley,81.5,17.1,3.4,3.8,-1.2,371.4730846
00AFGH,E05000110,Chelsfield and Pratts Bottom,Bromley,85.4,15.9,2.2,2.0,10.1,369.1526908
00AFGJ,E05000111,Chislehurst,Bromley,82.1,15.5,2.7,2.2,6.8,365.4914998
00AFGK,E05000112,Clock House,Bromley,82.7,18.5,3.9,4.0,-2.9,353.1855806
00AFGL,E05000113,Copers Cope,Bromley,82.0,12.1,3.0,3.1,-5.0,347.4284076
00AFGM,E05000114,Cray Valley East,Bromley,81.4,22.6,5.8,2.2,11.5,329.5535959
00AFGN,E05000115,Cray Valley West,Bromley,81.5,21.0,6.7,2.3,-0.8,330.6732276
00AFGP,E05000116,Crystal Palace,Bromley,79.4,22.9,8.1,4.4,11.6,323.8278118
00AFGQ,E05000117,Darwin,Bromley,82.7,17.2,1.8,1.3,7.2,357.5845345
00AFGR,E05000118,Farnborough and Crofton,Bromley,85.5,13.3,2.2,2.3,3.7,375.5447757
00AFGS,E05000119,Hayes and Coney Hall,Bromley,84.2,11.3,2.7,2.3,13.8,369.4492952
00AFGT,E05000120,Kelsey and Eden Park,Bromley,85.3,15.3,2.8,2.7,4.6,362.815915
00AFGU,E05000121,Mottingham and Chislehurst North,Bromley,80.5,20.8,6.6,2.5,5.5,331.7924503
00AFGW,E05000122,Orpington,Bromley,84.1,18.1,4.3,2.8,-5.5,354.9047913
00AFGX,E05000123,Penge and Cator,Bromley,82.4,21.0,7.0,4.0,4.1,335.2625965
00AFGY,E05000124,Petts Wood and Knoll,Bromley,85.9,12.3,2.1,2.5,-0.4,382.7970169
00AFGZ,E05000125,Plaistow and Sundridge,Bromley,79.9,16.7,4.6,2.9,0.3,353.9158447
00AFHA,E05000126,Shortlands,Bromley,87.1,13.8,2.1,2.5,-6.3,380.6346054
00AFHB,E05000127,West Wickham,Bromley,84.5,13.4,2.4,2.2,-1.9,372.4781996
00AGGD,E05000128,Belsize,Camden,86.3,22.7,3.4,4.1,-5.2,345.6540378
00AGGE,E05000129,Bloomsbury,Camden,84.0,22.9,4.7,7.9,0.9,339.0520476
00AGGF,E05000130,Camden Town with Primrose Hill,Camden,84.6,17.1,5.6,5.8,2.1,337.7400791
00AGGG,E05000131,Cantelowes,Camden,81.8,20.7,6.5,4.9,-2.0,334.5683082
00AGGH,E05000132,Fortune Green,Camden,85.3,23.0,4.8,4.6,1.2,325.8075755
00AGGJ,E05000133,Frognal and Fitzjohns,Camden,86.5,11.6,1.9,4.5,-7.0,336.7843434
00AGGK,E05000134,Gospel Oak,Camden,83.3,21.3,6.6,4.0,-1.9,325.1954692
00AGGL,E05000135,Hampstead Town,Camden,87.4,15.1,1.7,4.1,8.9,348.5450761
00AGGM,E05000136,Haverstock,Camden,81.7,26.4,7.6,4.9,-7.4,311.1473074
00AGGN,E05000137,Highgate,Camden,85.1,16.4,5.0,3.9,15.8,322.6649669
00AGGP,E05000138,Holborn and Covent Garden,Camden,84.4,17.8,5.9,7.9,-9.4,324.1531077
00AGGQ,E05000139,Kentish Town,Camden,78.6,26.0,6.0,5.5,-0.9,332.510299
00AGGR,E05000140,Kilburn,Camden,78.5,24.7,8.5,5.6,-5.4,321.3510511
00AGGS,E05000141,King's Cross,Camden,83.8,24.2,7.6,7.7,-2.2,314.8084427
00AGGT,E05000142,Regent's Park,Camden,80.7,24.1,7.1,6.6,6.7,325.2958546
00AGGU,E05000143,St Pancras and Somers Town,Camden,79.6,21.8,10.0,6.5,1.3,320.1958872
00AGGW,E05000144,Swiss Cottage,Camden,84.6,21.6,3.1,6.2,-0.6,335.0780762
00AGGX,E05000145,West Hampstead,Camden,83.4,21.3,4.4,5.9,0.8,343.2227708
00AHGE,E05000146,Addiscombe,Croydon,80.5,17.4,4.7,4.5,-20.3,342.2876046
00AHGF,E05000147,Ashburton,Croydon,82.6,24.6,5.4,2.8,5.1,339.7397732
00AHGG,E05000148,Bensham Manor,Croydon,83.0,24.8,7.7,3.3,-10.3,336.446299
00AHGH,E05000149,Broad Green,Croydon,80.2,26.6,7.3,4.6,-11.2,329.6202524
00AHGJ,E05000150,Coulsdon East,Croydon,84.9,15.1,3.7,1.8,10.7,356.0798515
00AHGK,E05000151,Coulsdon West,Croydon,81.7,17.2,2.7,2.4,-5.1,377.9594492
00AHGL,E05000152,Croham,Croydon,81.4,21.1,4.2,3.2,-2.2,353.2135832
00AHGM,E05000153,Fairfield,Croydon,80.8,21.3,4.2,5.8,-10.5,346.7126593
00AHGN,E05000154,Fieldway,Croydon,80.1,24.1,9.9,3.1,-10.8,312.2799549
00AHGP,E05000155,Heathfield,Croydon,83.9,16.7,3.9,2.3,8.5,341.047977
00AHGQ,E05000156,Kenley,Croydon,81.7,15.1,3.8,1.9,0.6,349.7456765
00AHGR,E05000157,New Addington,Croydon,78.8,25.5,7.8,2.9,5.5,321.2120117
00AHGS,E05000158,Norbury,Croydon,81.6,26.2,6.2,2.9,-0.6,343.9582401
00AHGT,E05000159,Purley,Croydon,83.3,19.1,3.9,2.8,-8.5,369.4211195
00AHGU,E05000160,Sanderstead,Croydon,84.9,18.8,2.8,1.6,3.2,363.9738776
00AHGW,E05000161,Selhurst,Croydon,77.1,24.4,9.2,4.2,-12.4,330.2485451
00AHGX,E05000162,Selsdon and Ballards,Croydon,86.4,19.2,2.5,2.0,7.4,358.8980619
00AHGY,E05000163,Shirley,Croydon,84.3,17.2,4.5,1.9,-8.0,343.2993472
00AHGZ,E05000164,South Norwood,Croydon,80.6,22.7,8.9,3.9,-3.2,346.4260328
00AHHA,E05000165,Thornton Heath,Croydon,80.4,27.1,10.2,3.1,-11.5,333.7824666
00AHHB,E05000166,Upper Norwood,Croydon,80.4,25.3,7.3,2.9,0.7,335.441156
00AHHC,E05000167,Waddon,Croydon,78.1,19.8,6.2,3.7,6.3,340.2084
00AHHD,E05000168,West Thornton,Croydon,81.0,27.2,7.3,3.0,-5.0,337.4525999
00AHHE,E05000169,Woodside,Croydon,81.8,23.4,7.7,3.4,0.2,337.4326706
00AJGC,E05000170,Acton Central,Ealing,82.6,17.5,6.6,3.2,5.6,345.9016039
00AJGD,E05000171,Cleveland,Ealing,83.0,17.8,5.7,2.9,4.2,356.323861
00AJGE,E05000172,Dormers Wells,Ealing,80.6,26.1,8.5,3.2,8.3,331.9141639
00AJGF,E05000173,Ealing Broadway,Ealing,81.5,14.6,3.3,4.7,-7.7,355.6538687
00AJGG,E05000174,Ealing Common,Ealing,80.8,18.2,4.8,3.5,6.0,333.9579959
00AJGH,E05000175,East Acton,Ealing,82.3,20.8,6.8,4.1,2.6,334.6781631
00AJGJ,E05000176,Elthorne,Ealing,81.1,20.0,5.6,3.6,1.7,341.347065
00AJGK,E05000177,Greenford Broadway,Ealing,80.1,24.3,7.5,3.2,2.9,327.5717523
00AJGL,E05000178,Greenford Green,Ealing,82.8,21.9,4.8,2.7,4.5,351.6066273
00AJGM,E05000179,Hanger Hill,Ealing,85.0,19.5,3.1,3.7,-5.8,355.6021027
00AJGN,E05000180,Hobbayne,Ealing,81.6,20.4,5.6,3.0,6.1,349.9468525
00AJGP,E05000181,Lady Margaret,Ealing,80.9,19.3,6.5,2.9,5.6,341.6741897
00AJGQ,E05000182,Northfield,Ealing,83.9,15.3,2.5,3.3,4.4,373.9212927
00AJGR,E05000183,North Greenford,Ealing,84.3,23.0,4.2,2.7,10.4,350.9036463
00AJGS,E05000184,Northolt Mandeville,Ealing,82.8,22.4,7.2,3.0,11.4,329.7946446
00AJGT,E05000185,Northolt West End,Ealing,80.4,20.1,9.5,2.4,8.3,331.8411646
00AJGU,E05000186,Norwood Green,Ealing,79.6,20.8,9.7,2.2,12.5,336.0942113
00AJGW,E05000187,Perivale,Ealing,83.8,23.3,4.9,2.2,5.4,352.6787753
00AJGX,E05000188,South Acton,Ealing,79.2,24.1,6.9,4.6,3.4,341.9610009
00AJGY,E05000189,Southall Broadway,Ealing,80.9,25.0,8.6,3.3,-2.5,337.6000612
00AJGZ,E05000190,Southall Green,Ealing,80.0,24.6,10.6,3.0,0.6,342.5817249
00AJHA,E05000191,Southfield,Ealing,83.0,16.8,3.3,3.3,4.9,344.4319602
00AJHB,E05000192,Walpole,Ealing,81.9,12.5,3.5,3.7,-2.2,371.6982597
00AKGL,E05000193,Bowes,Enfield,84.2,22.2,6.9,3.8,-10.9,337.5270071
00AKGM,E05000194,Bush Hill Park,Enfield,83.0,20.2,3.9,2.7,0.6,358.3691496
00AKGN,E05000195,Chase,Enfield,79.5,20.3,6.4,1.9,15.4,331.4858799
00AKGP,E05000196,Cockfosters,Enfield,84.6,19.5,4.1,2.5,11.4,354.411202
00AKGQ,E05000197,Edmonton Green,Enfield,81.9,28.0,16.2,4.0,3.1,324.9413163
00AKGR,E05000198,Enfield Highway,Enfield,83.0,25.3,9.2,2.5,1.2,317.9796731
00AKGS,E05000199,Enfield Lock,Enfield,79.2,26.9,9.9,2.6,4.3,321.0513666
00AKGT,E05000200,Grange,Enfield,85.2,18.3,3.4,3.1,-5.3,373.8388669
00AKGU,E05000201,Haselbury,Enfield,82.3,24.7,10.0,3.1,0.2,326.2900517
00AKGW,E05000202,Highlands,Enfield,84.9,18.9,3.4,2.6,0.7,358.7953414
00AKGX,E05000203,Jubilee,Enfield,80.7,27.2,8.8,2.5,9.8,327.8705114
00AKGY,E05000204,Lower Edmonton,Enfield,81.1,29.7,10.7,3.4,2.6,320.6685563
00AKGZ,E05000205,Palmers Green,Enfield,83.4,23.8,5.8,2.5,-4.4,348.2060298
00AKHA,E05000206,Ponders End,Enfield,80.4,28.5,12.5,3.2,6.9,325.9940364
00AKHB,E05000207,Southbury,Enfield,83.0,22.8,7.6,3.1,4.4,324.2887412
00AKHC,E05000208,Southgate,Enfield,82.6,20.8,4.4,3.1,-3.4,368.5802242
00AKHD,E05000209,Southgate Green,Enfield,83.0,17.9,4.8,3.8,-3.4,361.9903374
00AKHE,E05000210,Town,Enfield,84.0,19.0,4.0,2.5,-5.5,350.7492322
00AKHF,E05000211,Turkey Street,Enfield,80.3,25.0,9.1,2.5,0.2,316.0950283
00AKHG,E05000212,Upper Edmonton,Enfield,77.5,26.8,11.1,3.2,-1.2,323.2498703
00AKHH,E05000213,Winchmore Hill,Enfield,82.1,16.8,3.8,2.8,-5.7,374.111857
00ALGP,E05000214,Abbey Wood,Greenwich,79.1,28.1,8.2,3.1,7.9,324.793953
00ALGQ,E05000215,Blackheath Westcombe,Greenwich,81.6,19.0,3.3,3.4,-2.7,363.3093283
00ALGR,E05000216,Charlton,Greenwich,78.2,23.3,7.1,3.8,1.1,335.712724
00ALGS,E05000217,Coldharbour and New Eltham,Greenwich,81.3,21.6,5.1,2.8,-3.9,344.5876507
00ALGT,E05000218,Eltham North,Greenwich,83.9,14.3,3.9,2.9,-0.9,366.2219594
00ALGU,E05000219,Eltham South,Greenwich,82.4,21.9,5.2,3.3,5.2,347.0442429
00ALGW,E05000220,Eltham West,Greenwich,79.2,20.4,6.3,3.0,-3.1,320.3011282
00ALGX,E05000221,Glyndon,Greenwich,77.0,25.1,10.0,3.8,1.0,325.219374
00ALGY,E05000222,Greenwich West,Greenwich,81.1,24.3,5.1,4.3,9.5,336.8843882
00ALGZ,E05000223,Kidbrooke with Hornfair,Greenwich,81.4,23.1,6.7,2.6,-1.6,329.4206554
00ALHA,E05000224,Middle Park and Sutcliffe,Greenwich,81.6,23.2,7.8,2.4,-0.3,326.2678564
00ALHB,E05000225,Peninsula,Greenwich,81.4,19.8,4.2,4.2,3.5,333.9639498
00ALHC,E05000226,Plumstead,Greenwich,80.8,23.5,9.7,3.5,1.3,329.4960725
00ALHD,E05000227,Shooters Hill,Greenwich,82.7,24.9,5.6,2.4,7.4,348.4976663
00ALHE,E05000228,Thamesmead Moorings,Greenwich,77.1,25.6,8.4,2.6,2.1,328.6470194
00ALHF,E05000229,Woolwich Common,Greenwich,79.1,21.7,12.3,4.1,2.9,328.785022
00ALHG,E05000230,Woolwich Riverside,Greenwich,78.1,25.7,10.2,4.3,-7.8,322.3436633
00AMGA,E05000231,Brownswood,Hackney,80.9,25.7,6.2,5.9,-2.2,330.3051053
00AMGB,E05000232,Cazenove,Hackney,85.2,21.2,9.2,4.8,-6.6,333.3345607
00AMGC,E05000233,Chatham,Hackney,80.3,28.3,13.5,5.8,-1.2,324.151833
00AMGD,E05000234,Clissold,Hackney,80.8,18.2,6.2,3.7,-1.4,343.7412946
00AMGE,E05000235,Dalston,Hackney,80.3,23.2,11.4,5.6,-1.9,328.7369805
00AMGF,E05000236,De Beauvoir,Hackney,78.5,25.3,9.1,4.7,-0.3,332.6806646
00AMGG,E05000237,Hackney Central,Hackney,79.8,27.0,11.1,6.7,-6.2,332.9500941
00AMGH,E05000238,Hackney Downs,Hackney,80.3,21.2,11.0,5.3,-0.5,328.094024
00AMGJ,E05000239,Haggerston,Hackney,80.1,28.8,10.1,5.3,-2.7,321.2598458
00AMGK,E05000240,Hoxton,Hackney,80.5,26.8,9.3,5.6,-0.9,324.208
00AMGL,E05000241,King's Park,Hackney,82.0,27.7,12.6,3.0,16.9,325.5726763
00AMGM,E05000242,Leabridge,Hackney,77.3,23.3,11.2,4.3,-3.7,331.5456212
00AMGN,E05000243,Lordship,Hackney,81.2,21.9,6.8,3.7,-0.7,334.1470703
00AMGP,E05000244,New River,Hackney,82.5,27.2,8.3,5.0,-1.2,336.6443513
00AMGQ,E05000245,Queensbridge,Hackney,80.9,24.9,12.0,4.2,-2.2,327.6805945
00AMGR,E05000246,Springfield,Hackney,80.8,25.3,10.4,3.1,-2.4,334.5276745
00AMGS,E05000247,Stoke Newington Central,Hackney,82.2,24.8,8.5,5.2,-2.0,331.9788366
00AMGT,E05000248,Victoria,Hackney,79.5,24.8,11.3,4.7,0.1,331.8043136
00AMGU,E05000249,Wick,Hackney,77.8,29.3,11.9,4.0,11.7,316.4586109
00ANGA,E05000250,Addison,Hammersmith and Fulham,82.5,27.8,4.8,6.4,-9.9,343.2274043
00ANGB,E05000251,Askew,Hammersmith and Fulham,82.1,23.5,6.8,3.6,-5.6,341.2304511
00ANGC,E05000252,Avonmore and Brook Green,Hammersmith and Fulham,82.2,21.7,4.4,5.9,-9.7,356.697173
00ANGD,E05000253,College Park and Old Oak,Hammersmith and Fulham,79.2,22.7,7.9,4.7,6.4,329.0909612
00ANGE,E05000254,Fulham Broadway,Hammersmith and Fulham,79.4,25.8,5.1,5.1,-4.5,342.3985815
00ANGF,E05000255,Fulham Reach,Hammersmith and Fulham,81.1,26.4,4.0,3.9,1.3,354.4860084
00ANGG,E05000256,Hammersmith Broadway,Hammersmith and Fulham,78.9,26.0,6.0,6.0,-7.7,336.0084457
00ANGH,E05000257,Munster,Hammersmith and Fulham,82.8,20.5,2.9,3.7,-5.9,345.0294186
00ANGJ,E05000258,North End,Hammersmith and Fulham,80.4,26.7,4.9,5.2,-1.4,350.5581587
00ANGK,E05000259,Palace Riverside,Hammersmith and Fulham,84.4,10.8,2.0,3.8,13.5,369.8863838
00ANGL,E05000260,Parsons Green and Walham,Hammersmith and Fulham,83.1,24.0,3.1,4.7,4.1,348.6429272
00ANGM,E05000261,Ravenscourt Park,Hammersmith and Fulham,79.5,20.8,4.4,4.2,-4.2,350.1289756
00ANGN,E05000262,Sands End,Hammersmith and Fulham,82.4,23.5,4.6,3.1,1.6,341.4051853
00ANGP,E05000263,Shepherd's Bush Green,Hammersmith and Fulham,79.8,20.3,7.8,5.6,2.8,352.9010476
00ANGQ,E05000264,Town,Hammersmith and Fulham,84.3,23.8,4.0,4.8,-7.7,344.8210069
00ANGR,E05000265,Wormholt and White City,Hammersmith and Fulham,82.6,27.2,9.4,3.1,1.9,340.8908236
00APGA,E05000266,Alexandra,Haringey,83.5,11.7,3.7,3.1,8.3,375.1127661
00APGB,E05000267,Bounds Green,Haringey,81.3,23.8,7.8,4.7,3.7,329.25706
00APGC,E05000268,Bruce Grove,Haringey,81.0,27.0,13.9,4.4,-4.2,314.8030788
00APGD,E05000269,Crouch End,Haringey,84.7,11.8,3.3,3.3,-2.3,354.7225386
00APGE,E05000270,Fortis Green,Haringey,82.6,10.0,3.6,3.1,4.8,371.4681165
00APGF,E05000271,Harringay,Haringey,82.5,24.9,8.9,4.8,7.2,332.8657388
00APGG,E05000272,Highgate,Haringey,85.1,12.3,3.5,3.6,5.1,328.5734603
00APGH,E05000273,Hornsey,Haringey,82.7,19.4,8.6,3.1,-3.4,324.5961532
00APGJ,E05000274,Muswell Hill,Haringey,84.8,12.0,3.2,3.2,4.0,372.5364462
00APGK,E05000275,Noel Park,Haringey,81.1,29.0,11.8,5.9,-3.4,314.6665063
00APGL,E05000276,Northumberland Park,Haringey,80.1,28.6,19.7,3.9,-0.4,317.3935709
00APGM,E05000277,St Ann's,Haringey,81.2,22.2,9.7,3.7,2.5,319.5696133
00APGN,E05000278,Seven Sisters,Haringey,82.1,24.8,10.2,4.3,3.6,329.3130437
00APGP,E05000279,Stroud Green,Haringey,81.1,17.7,5.7,4.0,-0.1,345.7017199
00APGQ,E05000280,Tottenham Green,Haringey,78.8,27.7,11.8,5.7,-1.7,312.4422945
00APGR,E05000281,Tottenham Hale,Haringey,81.0,26.6,12.2,4.3,2.9,314.7106864
00APGS,E05000282,West Green,Haringey,82.7,22.9,11.2,3.9,9.3,322.8558309
00APGT,E05000283,White Hart Lane,Haringey,80.0,27.1,13.1,3.3,2.0,319.3756396
00APGU,E05000284,Woodside,Haringey,81.6,22.7,9.5,4.6,6.4,331.9771477
00AQFY,E05000285,Belmont,Harrow,85.4,17.6,3.0,1.7,-15.2,360.4061142
00AQFZ,E05000286,Canons,Harrow,83.8,18.1,3.2,2.7,5.1,357.3028139
00AQGA,E05000287,Edgware,Harrow,84.5,21.8,4.8,2.9,-9.2,347.1712702
00AQGB,E05000288,Greenhill,Harrow,81.7,17.6,4.9,4.1,-9.0,340.413451
00AQGC,E05000289,Harrow on the Hill,Harrow,83.5,18.7,3.5,3.1,-5.3,351.7250519
00AQGD,E05000290,Harrow Weald,Harrow,82.7,19.0,4.4,2.5,-3.7,344.8476197
00AQGE,E05000291,Hatch End,Harrow,84.5,17.3,2.5,2.1,-14.2,361.7011156
00AQGF,E05000292,Headstone North,Harrow,86.4,19.9,2.6,2.6,-0.5,375.3782813
00AQGG,E05000293,Headstone South,Harrow,83.8,16.3,3.7,3.0,-6.2,363.0247138
00AQGH,E05000294,Kenton East,Harrow,84.1,20.6,4.0,2.4,-8.3,351.674105
00AQGJ,E05000295,Kenton West,Harrow,83.8,15.9,3.3,2.8,-11.5,359.5480912
00AQGK,E05000296,Marlborough,Harrow,83.2,19.6,5.9,3.7,-10.6,342.9879714
00AQGL,E05000297,Pinner,Harrow,85.2,17.1,2.8,1.9,-12.7,357.0641845
00AQGM,E05000298,Pinner South,Harrow,88.5,14.5,2.2,2.1,-5.3,379.3566336
00AQGN,E05000299,Queensbury,Harrow,82.6,18.5,3.8,2.5,-9.9,360.6751505
00AQGP,E05000300,Rayners Lane,Harrow,84.4,17.4,3.2,3.2,-10.2,363.7179894
00AQGQ,E05000301,Roxbourne,Harrow,83.4,19.9,5.5,3.0,-10.1,337.8173909
00AQGR,E05000302,Roxeth,Harrow,83.0,17.9,4.8,3.0,-5.8,347.4441711
00AQGS,E05000303,Stanmore Park,Harrow,84.6,16.3,3.2,1.9,-6.5,342.9844948
00AQGT,E05000304,Wealdstone,Harrow,80.9,20.5,6.5,3.1,-22.3,331.7174097
00AQGU,E05000305,West Harrow,Harrow,84.4,22.5,4.3,3.2,-7.3,353.7422084
00ARGC,E05000306,Brooklands,Havering,79.1,26.5,5.0,2.8,-4.5,327.6595744
00ARGD,E05000307,Cranham,Havering,85.6,13.9,2.7,2.2,5.2,360.4061965
00ARGE,E05000308,Elm Park,Havering,82.1,21.7,4.9,2.7,6.6,325.3512899
00ARGF,E05000309,Emerson Park,Havering,81.5,15.6,2.6,2.0,-11.6,357.590797
00ARGG,E05000310,Gooshays,Havering,79.0,25.6,8.7,2.6,12.9,306.2039634
00ARGH,E05000311,Hacton,Havering,82.7,13.5,3.3,2.5,-5.1,341.6473988
00ARGJ,E05000312,Harold Wood,Havering,81.6,17.6,4.6,2.4,1.8,344.565128
00ARGK,E05000313,Havering Park,Havering,79.2,16.9,6.0,2.1,12.5,316.7296206
00ARGL,E05000314,Heaton,Havering,78.9,24.9,8.5,2.1,-0.1,314.5141888
00ARGM,E05000315,Hylands,Havering,84.7,15.9,3.4,2.1,-7.3,343.5011597
00ARGN,E05000316,Mawneys,Havering,84.0,21.4,4.7,2.4,-2.9,323.222361
00ARGP,E05000317,Pettits,Havering,82.7,15.8,3.1,2.2,1.5,346.8187107
00ARGQ,E05000318,Rainham and Wennington,Havering,82.3,23.7,5.1,2.0,4.0,326.9295721
00ARGR,E05000319,Romford Town,Havering,82.6,22.2,5.1,4.3,-14.2,335.5678475
00ARGS,E05000320,St Andrew's,Havering,82.1,19.1,3.9,3.3,-10.0,346.2912903
00ARGT,E05000321,South Hornchurch,Havering,80.2,24.5,6.6,2.4,8.3,320.6718429
00ARGU,E05000322,Squirrel's Heath,Havering,82.8,17.1,3.6,2.6,-16.8,350.0700529
00ARGW,E05000323,Upminster,Havering,82.5,11.7,1.9,2.0,2.5,362.7027951
00ASGG,E05000324,Barnhill,Hillingdon,80.8,25.6,6.4,2.4,2.0,338.2329784
00ASGH,E05000325,Botwell,Hillingdon,78.1,25.8,7.4,2.8,1.3,330.7656426
00ASGJ,E05000326,Brunel,Hillingdon,80.3,21.6,3.6,2.7,-1.6,331.4112834
00ASGK,E05000327,Cavendish,Hillingdon,83.5,15.9,2.5,2.1,-6.0,361.5785507
00ASGL,E05000328,Charville,Hillingdon,81.4,22.2,4.4,2.2,6.4,340.9548962
00ASGM,E05000329,Eastcote and East Ruislip,Hillingdon,86.2,12.6,2.1,1.9,5.4,366.626843
00ASGN,E05000330,Harefield,Hillingdon,80.1,19.4,3.5,1.4,7.1,335.4812299
00ASGP,E05000331,Heathrow Villages,Hillingdon,81.0,23.3,4.2,2.5,-3.4,331.0950026
00ASGQ,E05000332,Hillingdon East,Hillingdon,80.9,19.4,4.4,1.9,6.0,344.3184968
00ASGR,E05000333,Ickenham,Hillingdon,85.0,13.6,1.7,2.0,6.5,368.987514
00ASGS,E05000334,Manor,Hillingdon,83.4,11.0,2.5,3.0,-5.6,352.4550689
00ASGT,E05000335,Northwood,Hillingdon,83.8,11.1,2.4,2.2,7.1,363.4624966
00ASGU,E05000336,Northwood Hills,Hillingdon,83.8,16.4,2.7,2.1,3.7,351.1109606
00ASGW,E05000337,Pinkwell,Hillingdon,82.4,21.6,6.4,2.6,-2.9,327.3721036
00ASGX,E05000338,South Ruislip,Hillingdon,81.5,18.4,3.6,2.6,10.2,343.8012421
00ASGY,E05000339,Townfield,Hillingdon,79.6,25.0,8.0,3.0,2.1,331.7981571
00ASGZ,E05000340,Uxbridge North,Hillingdon,82.8,15.1,2.9,2.3,0.8,359.1878042
00ASHA,E05000341,Uxbridge South,Hillingdon,80.9,20.9,4.7,2.4,-6.0,344.0598201
00ASHB,E05000342,West Drayton,Hillingdon,79.1,23.7,5.5,2.2,-9.4,313.5584502
00ASHC,E05000343,West Ruislip,Hillingdon,81.9,13.1,2.4,2.3,3.6,352.7705903
00ASHD,E05000344,Yeading,Hillingdon,81.4,25.1,5.9,2.0,2.1,335.1196473
00ASHE,E05000345,Yiewsley,Hillingdon,81.3,24.5,5.8,2.4,-2.9,315.5866918
00ATFY,E05000346,Bedfont,Hounslow,79.5,23.6,5.7,2.0,5.8,329.9616756
00ATFZ,E05000347,Brentford,Hounslow,82.6,21.7,4.2,3.2,6.0,343.4065288
00ATGA,E05000348,Chiswick Homefields,Hounslow,83.0,17.1,2.5,3.6,10.4,363.7006
00ATGB,E05000349,Chiswick Riverside,Hounslow,84.7,20.6,2.7,2.9,3.7,361.7148976
00ATGC,E05000350,Cranford,Hounslow,81.5,24.2,6.3,2.4,-2.1,344.2252063
00ATGD,E05000351,Feltham North,Hounslow,77.3,25.8,4.8,2.9,5.2,338.4450163
00ATGE,E05000352,Feltham West,Hounslow,82.4,25.4,4.5,2.2,2.5,326.5444148
00ATGF,E05000353,Hanworth,Hounslow,82.1,23.7,5.9,2.5,7.5,319.1764798
00ATGG,E05000354,Hanworth Park,Hounslow,81.3,23.2,4.1,2.5,6.7,330.5014591
00ATGH,E05000355,Heston Central,Hounslow,80.7,23.9,4.8,2.9,0.4,351.0139364
00ATGJ,E05000356,Heston East,Hounslow,83.4,24.5,4.8,2.3,6.1,355.3215177
00ATGK,E05000357,Heston West,Hounslow,81.6,27.3,7.1,2.2,4.0,346.4493012
00ATGL,E05000358,Hounslow Central,Hounslow,83.0,21.3,4.2,4.9,1.5,353.9969316
00ATGM,E05000359,Hounslow Heath,Hounslow,83.2,26.5,5.6,3.1,3.6,346.7196567
00ATGN,E05000360,Hounslow South,Hounslow,85.4,22.8,3.3,2.4,-4.8,363.5356356
00ATGP,E05000361,Hounslow West,Hounslow,78.9,26.1,4.7,3.9,-4.8,344.5578068
00ATGQ,E05000362,Isleworth,Hounslow,81.1,20.9,4.8,2.2,1.4,332.5068566
00ATGR,E05000363,Osterley and Spring Grove,Hounslow,83.1,17.3,3.3,2.8,8.8,369.9169948
00ATGS,E05000364,Syon,Hounslow,78.0,22.0,4.6,3.5,6.6,335.9443837
00ATGT,E05000365,Turnham Green,Hounslow,83.9,17.2,2.7,4.5,-1.6,350.9438431
00AUFX,E05000366,Barnsbury,Islington,79.0,23.8,5.3,5.6,-7.7,329.158712
00AUFY,E05000367,Bunhill,Islington,81.1,25.4,7.3,6.6,-12.8,328.5041039
00AUFZ,E05000368,Caledonian,Islington,80.4,26.6,6.7,5.3,-9.7,320.3089583
00AUGA,E05000369,Canonbury,Islington,82.6,26.0,7.2,6.1,1.7,317.967019
00AUGB,E05000370,Clerkenwell,Islington,83.9,20.4,5.6,6.5,-13.7,328.1325005
00AUGC,E05000371,Finsbury Park,Islington,78.0,26.4,10.0,6.2,-1.4,337.2464048
00AUGD,E05000372,Highbury East,Islington,82.3,15.6,4.5,4.7,1.8,337.0647413
00AUGE,E05000373,Highbury West,Islington,80.7,20.6,6.2,5.9,0.7,342.8284391
00AUGF,E05000374,Hillrise,Islington,80.1,17.9,8.2,4.2,3.4,333.0473839
00AUGG,E05000375,Holloway,Islington,80.2,21.1,6.9,5.8,1.0,325.1116254
00AUGH,E05000376,Junction,Islington,78.4,19.5,7.3,5.7,3.6,326.0189714
00AUGJ,E05000377,Mildmay,Islington,81.1,24.4,7.4,5.8,-6.7,324.8915633
00AUGK,E05000378,St George's,Islington,81.4,26.4,7.4,4.4,0.3,336.0812529
00AUGL,E05000379,St Mary's,Islington,80.8,21.4,5.6,6.7,3.0,318.7203786
00AUGM,E05000380,St Peter's,Islington,78.4,26.1,5.3,5.2,-3.5,308.7771501
00AUGN,E05000381,Tollington,Islington,81.4,20.1,8.4,4.1,4.1,336.1863593
00AWFY,E05000382,Abingdon,R B of Kensington and Chelsea,85.7,23.6,2.9,6.4,2.8,386.8311579
00AWFZ,E05000383,Brompton,R B of Kensington and Chelsea,86.0,23.2,1.5,6.9,3.8,363.683625
00AWGA,E05000384,Campden,R B of Kensington and Chelsea,88.1,23.2,1.3,6.8,7.9,376.7755294
00AWGB,E05000385,Colville,R B of Kensington and Chelsea,82.8,27.2,6.8,5.5,6.1,362.0075472
00AWGC,E05000386,Courtfield,R B of Kensington and Chelsea,88.5,23.2,2.6,6.9,4.9,361.5894615
00AWGD,E05000387,Cremorne,R B of Kensington and Chelsea,84.7,26.4,4.7,4.3,8.3,349.9502061
00AWGE,E05000388,Earl's Court,R B of Kensington and Chelsea,82.2,21.1,4.9,7.0,-1.5,374.2068
00AWGF,E05000389,Golborne,R B of Kensington and Chelsea,80.2,27.0,12.0,4.3,12.6,342.3969087
00AWGG,E05000390,Hans Town,R B of Kensington and Chelsea,86.6,21.4,2.1,6.8,4.5,348.0906087
00AWGH,E05000391,Holland,R B of Kensington and Chelsea,89.8,18.5,3.1,5.7,9.0,379.7187692
00AWGJ,E05000392,Norland,R B of Kensington and Chelsea,84.7,27.6,4.8,5.6,7.3,361.2453633
00AWGK,E05000393,Notting Barns,R B of Kensington and Chelsea,81.4,23.1,9.0,4.0,5.7,353.0836989
00AWGL,E05000394,Pembridge,R B of Kensington and Chelsea,84.2,19.6,2.6,7.1,0.0,358.0765
00AWGM,E05000395,Queen's Gate,R B of Kensington and Chelsea,88.5,23.2,1.6,6.1,4.3,341.974
00AWGN,E05000396,Redcliffe,R B of Kensington and Chelsea,86.6,15.8,3.3,6.1,8.9,351.6833333
00AWGP,E05000397,Royal Hospital,R B of Kensington and Chelsea,82.9,23.2,1.8,4.4,14.9,342.854
00AWGQ,E05000398,St Charles,R B of Kensington and Chelsea,78.3,23.5,8.6,3.7,9.2,347.3713428
00AWGR,E05000399,Stanley,R B of Kensington and Chelsea,83.5,20.1,1.9,5.5,1.5,337.0258462
00AXFX,E05000400,Alexandra,R B of Kingston upon Thames,85.2,16.8,2.4,2.1,-5.8,365.1744591
00AXFY,E05000401,Berrylands,R B of Kingston upon Thames,81.2,12.4,2.5,2.5,-3.0,354.1032807
00AXFZ,E05000402,Beverley,R B of Kingston upon Thames,81.3,15.9,2.9,2.7,1.8,360.8476491
00AXGA,E05000403,Canbury,R B of Kingston upon Thames,83.4,10.3,2.1,3.8,-5.0,365.6908369
00AXGB,E05000404,Chessington North and Hook,R B of Kingston upon Thames,83.7,20.7,3.0,2.3,-1.9,329.2173556
00AXGC,E05000405,Chessington South,R B of Kingston upon Thames,83.5,18.9,2.5,2.2,15.7,337.4863861
00AXGD,E05000406,Coombe Hill,R B of Kingston upon Thames,84.0,15.8,2.6,2.4,3.9,349.3351694
00AXGE,E05000407,Coombe Vale,R B of Kingston upon Thames,84.6,13.1,2.1,2.3,-5.1,377.8222048
00AXGF,E05000408,Grove,R B of Kingston upon Thames,83.1,13.5,2.5,4.2,0.1,339.8548889
00AXGG,E05000409,Norbiton,R B of Kingston upon Thames,78.8,22.6,4.9,3.4,3.5,321.613
00AXGH,E05000410,Old Malden,R B of Kingston upon Thames,85.5,19.9,2.3,2.5,-0.5,361.55463
00AXGJ,E05000411,St James,R B of Kingston upon Thames,81.9,18.2,2.5,2.6,-1.7,372.3538117
00AXGK,E05000412,St Mark's,R B of Kingston upon Thames,83.0,11.7,3.1,3.7,-0.8,367.114345
00AXGL,E05000413,Surbiton Hill,R B of Kingston upon Thames,81.1,13.9,2.1,3.1,-10.4,350.1272169
00AXGM,E05000414,Tolworth and Hook Rise,R B of Kingston upon Thames,83.5,16.8,2.9,2.2,-10.7,341.108343
00AXGN,E05000415,Tudor,R B of Kingston upon Thames,85.9,10.1,2.1,2.3,2.1,384.3464588
00AYFZ,E05000416,Bishop's,Lambeth,80.9,24.0,6.3,7.5,-2.8,334.9254078
00AYGA,E05000417,Brixton Hill,Lambeth,78.8,20.6,7.8,4.9,1.7,327.7679481
00AYGB,E05000418,Clapham Common,Lambeth,80.7,21.1,3.9,4.3,-2.4,338.8681242
00AYGC,E05000419,Clapham Town,Lambeth,77.4,19.4,5.1,5.2,-2.1,342.7030703
00AYGD,E05000420,Coldharbour,Lambeth,80.8,23.1,14.2,5.3,-6.5,324.1766911
00AYGE,E05000421,Ferndale,Lambeth,80.6,27.7,6.7,6.3,-2.7,323.994165
00AYGF,E05000422,Gipsy Hill,Lambeth,80.3,26.1,7.5,3.6,4.5,329.974676
00AYGG,E05000423,Herne Hill,Lambeth,81.4,20.3,8.1,4.3,-2.7,337.8205014
00AYGH,E05000424,Knight's Hill,Lambeth,78.6,25.1,8.7,3.9,-3.5,339.0011751
00AYGJ,E05000425,Larkhall,Lambeth,78.0,30.6,7.1,5.3,2.4,330.6944169
00AYGK,E05000426,Oval,Lambeth,80.2,26.0,5.8,6.6,-0.9,329.8208889
00AYGL,E05000427,Prince's,Lambeth,81.1,28.0,8.2,6.1,-9.3,326.8723825
00AYGM,E05000428,St Leonard's,Lambeth,82.8,21.5,6.9,5.7,-1.0,350.5052955
00AYGN,E05000429,Stockwell,Lambeth,80.4,30.6,8.9,5.6,2.8,340.9568137
00AYGP,E05000430,Streatham Hill,Lambeth,79.2,21.9,6.3,5.1,-3.2,347.2925342
00AYGQ,E05000431,Streatham South,Lambeth,82.8,24.7,6.8,3.6,2.0,338.6109249
00AYGR,E05000432,Streatham Wells,Lambeth,79.4,21.9,5.9,4.3,-3.9,345.2127163
00AYGS,E05000433,Thornton,Lambeth,84.4,27.5,5.7,3.3,-3.4,351.1170909
00AYGT,E05000434,Thurlow Park,Lambeth,82.3,21.9,5.5,4.9,-6.0,340.503298
00AYGU,E05000435,Tulse Hill,Lambeth,81.1,26.7,10.3,4.4,-0.2,332.2613686
00AYGW,E05000436,Vassall,Lambeth,81.9,28.6,10.8,4.4,-4.3,329.6392471
00AZGD,E05000437,Bellingham,Lewisham,79.7,28.0,8.5,2.9,5.8,309.8748826
00AZGE,E05000438,Blackheath,Lewisham,81.5,21.8,4.5,4.8,2.1,334.8574937
00AZGF,E05000439,Brockley,Lewisham,79.7,25.4,7.8,5.4,-6.3,316.7615076
00AZGG,E05000440,Catford South,Lewisham,81.1,24.9,6.0,3.2,-13.5,330.549235
00AZGH,E05000441,Crofton Park,Lewisham,83.3,20.6,5.9,3.8,-7.7,322.8953533
00AZGJ,E05000442,Downham,Lewisham,82.3,26.4,8.9,3.1,6.0,314.994092
00AZGK,E05000443,Evelyn,Lewisham,79.3,27.1,9.4,3.1,-5.1,311.4883478
00AZGL,E05000444,Forest Hill,Lewisham,80.4,19.7,6.5,3.7,-3.9,329.2661373
00AZGM,E05000445,Grove Park,Lewisham,80.6,25.4,6.2,3.1,-6.3,326.8817569
00AZGN,E05000446,Ladywell,Lewisham,81.1,23.5,5.8,4.3,0.3,335.8462486
00AZGP,E05000447,Lee Green,Lewisham,82.4,17.9,5.6,3.3,-3.6,340.9930573
00AZGQ,E05000448,Lewisham Central,Lewisham,78.1,22.9,7.5,4.9,-0.5,317.6525735
00AZGR,E05000449,New Cross,Lewisham,76.0,28.5,9.3,4.3,-7.3,322.3862287
00AZGS,E05000450,Perry Vale,Lewisham,82.3,23.0,6.9,3.3,-14.5,322.2571355
00AZGT,E05000451,Rushey Green,Lewisham,81.3,22.8,8.6,5.0,2.3,315.020186
00AZGU,E05000452,Sydenham,Lewisham,78.6,24.0,7.3,4.0,-0.2,317.1832496
00AZGW,E05000453,Telegraph Hill,Lewisham,81.5,23.1,8.0,4.7,-11.7,322.3885049
00AZGX,E05000454,Whitefoot,Lewisham,83.0,24.9,7.9,2.7,1.3,315.04219
00BAFX,E05000455,Abbey,Merton,81.5,17.8,2.1,5.1,-0.8,357.0920689
00BAFY,E05000456,Cannon Hill,Merton,85.3,18.3,2.9,2.6,6.7,359.1631953
00BAFZ,E05000457,Colliers Wood,Merton,82.0,23.3,3.4,4.0,1.2,340.7108591
00BAGA,E05000458,Cricket Green,Merton,80.2,23.9,9.4,3.1,8.6,328.1608029
00BAGB,E05000459,Dundonald,Merton,85.1,7.6,1.4,4.6,-2.2,377.983697
00BAGC,E05000460,Figge's Marsh,Merton,79.8,21.8,8.2,3.7,2.3,336.2646898
00BAGD,E05000461,Graveney,Merton,83.4,24.3,5.8,3.4,-2.4,353.2542216
00BAGE,E05000462,Hillside,Merton,85.5,19.6,1.4,5.1,-8.6,365.6323678
00BAGF,E05000463,Lavender Fields,Merton,81.7,23.5,5.3,2.6,-1.1,332.6467619
00BAGG,E05000464,Longthornton,Merton,81.3,21.5,5.6,2.8,2.6,341.2068627
00BAGH,E05000465,Lower Morden,Merton,82.6,14.7,3.1,2.2,2.8,355.8168386
00BAGJ,E05000466,Merton Park,Merton,85.1,13.4,2.3,3.9,1.0,380.5713934
00BAGK,E05000467,Pollards Hill,Merton,82.0,23.3,7.4,2.6,9.6,333.1733677
00BAGL,E05000468,Ravensbury,Merton,79.1,19.3,6.1,3.1,10.4,328.647803
00BAGM,E05000469,Raynes Park,Merton,80.4,13.0,1.9,3.5,0.9,364.9988213
00BAGN,E05000470,St Helier,Merton,80.4,22.4,5.6,3.0,8.0,339.1476673
00BAGP,E05000471,Trinity,Merton,81.6,18.6,2.8,3.8,5.3,361.8352166
00BAGQ,E05000472,Village,Merton,85.4,19.6,1.0,2.3,9.9,352.8925
00BAGR,E05000473,West Barnes,Merton,83.0,19.7,2.6,2.7,-0.2,371.7711179
00BAGS,E05000474,Wimbledon Park,Merton,84.7,15.2,2.0,3.1,1.2,375.0118659
00BBGB,E05000475,Beckton,Newham,80.9,27.2,6.6,2.8,-1.3,329.6525226
00BBGC,E05000476,Boleyn,Newham,82.9,24.1,9.4,4.1,-4.1,334.9012788
00BBGD,E05000477,Canning Town North,Newham,79.6,27.5,14.3,4.5,-1.4,316.3421214
00BBGE,E05000478,Canning Town South,Newham,79.1,27.2,8.9,3.6,-9.4,311.3042524
00BBGF,E05000479,Custom House,Newham,76.8,24.8,9.3,2.9,3.5,318.1070607
00BBGG,E05000480,East Ham Central,Newham,81.7,24.7,8.1,4.8,-5.0,328.7138338
00BBGH,E05000481,East Ham North,Newham,78.6,23.9,8.7,4.4,-1.1,338.6571803
00BBGJ,E05000482,East Ham South,Newham,80.0,26.7,9.3,2.6,1.9,326.4562837
00BBGK,E05000483,Forest Gate North,Newham,80.6,26.8,8.8,3.1,-2.1,323.3032307
00BBGL,E05000484,Forest Gate South,Newham,77.8,22.0,9.9,3.8,-9.3,330.762352
00BBGM,E05000485,Green Street East,Newham,82.5,23.6,9.4,3.8,-6.6,330.1859425
00BBGN,E05000486,Green Street West,Newham,81.7,23.0,9.7,4.0,-9.9,324.9712409
00BBGP,E05000487,Little Ilford,Newham,78.8,26.1,11.7,2.7,11.0,331.923336
00BBGQ,E05000488,Manor Park,Newham,78.9,24.1,11.0,4.0,0.0,329.5223364
00BBGR,E05000489,Plaistow North,Newham,81.6,23.5,11.4,4.2,-6.1,331.6579627
00BBGS,E05000490,Plaistow South,Newham,80.8,27.9,10.0,4.4,-3.1,328.5525089
00BBGT,E05000491,Royal Docks,Newham,81.9,27.7,6.4,2.6,-2.7,319.7549753
00BBGU,E05000492,Stratford and New Town,Newham,80.4,26.7,6.9,5.5,6.8,323.2253477
00BBGW,E05000493,Wall End,Newham,81.0,24.5,8.2,3.7,-1.1,325.7704136
00BBGX,E05000494,West Ham,Newham,81.0,25.5,10.3,4.6,6.1,324.7092451
00BCFY,E05000495,Aldborough,Redbridge,80.2,21.6,5.5,2.6,6.8,352.6267692
00BCFZ,E05000496,Barkingside,Redbridge,86.1,20.4,4.3,3.3,-6.6,373.5600214
00BCGA,E05000497,Bridge,Redbridge,84.1,18.7,4.4,2.2,3.3,337.1507086
00BCGB,E05000498,Chadwell,Redbridge,80.4,23.5,6.3,2.5,-13.7,349.278857
00BCGC,E05000499,Church End,Redbridge,83.0,14.8,3.5,2.8,-8.2,364.6352696
00BCGD,E05000500,Clayhall,Redbridge,84.4,22.3,4.0,2.3,4.7,378.0585953
00BCGE,E05000501,Clementswood,Redbridge,81.3,21.1,9.0,3.4,-14.5,339.0575098
00BCGF,E05000502,Cranbrook,Redbridge,81.1,21.7,5.1,3.7,6.7,359.1624485
00BCGG,E05000503,Fairlop,Redbridge,82.1,24.8,5.1,2.8,8.1,335.9665354
00BCGH,E05000504,Fullwell,Redbridge,84.5,26.1,5.9,2.3,4.1,349.3861183
00BCGJ,E05000505,Goodmayes,Redbridge,81.1,24.2,7.9,3.6,-10.3,332.8298413
00BCGK,E05000506,Hainault,Redbridge,80.0,24.6,7.3,2.4,9.4,318.4152027
00BCGL,E05000507,Loxford,Redbridge,78.8,24.5,10.1,3.4,-0.5,335.119862
00BCGM,E05000508,Mayfield,Redbridge,82.4,26.2,6.5,2.7,-1.9,345.243851
00BCGN,E05000509,Monkhams,Redbridge,83.1,16.7,2.1,2.6,1.8,374.9280916
00BCGP,E05000510,Newbury,Redbridge,84.1,22.2,6.4,3.1,-4.8,362.2332163
00BCGQ,E05000511,Roding,Redbridge,83.3,20.3,5.0,2.4,5.4,344.216605
00BCGR,E05000512,Seven Kings,Redbridge,81.6,24.6,7.7,3.1,0.0,339.0649645
00BCGS,E05000513,Snaresbrook,Redbridge,82.7,18.2,3.2,3.7,-2.9,348.7305135
00BCGT,E05000514,Valentines,Redbridge,81.1,22.2,8.7,4.4,-6.5,357.4406713
00BCGU,E05000515,Wanstead,Redbridge,83.0,20.8,3.3,2.5,12.2,360.5952446
00BDFW,E05000516,Barnes,Richmond upon Thames,85.3,19.7,2.2,3.3,11.1,341.2353193
00BDFX,E05000517,East Sheen,Richmond upon Thames,86.4,7.6,1.7,2.5,14.8,370.9225
00BDFY,E05000518,Fulwell and Hampton Hill,Richmond upon Thames,82.4,6.1,2.1,3.0,-1.0,369.6610118
00BDFZ,E05000519,"Ham, Petersham and Richmond Riverside",Richmond upon Thames,82.8,14.2,3.3,2.1,17.5,339.5173606
00BDGA,E05000520,Hampton,Richmond upon Thames,82.7,13.1,2.2,2.6,16.1,360.7037092
00BDGB,E05000521,Hampton North,Richmond upon Thames,82.6,17.0,3.1,2.2,2.1,332.7243804
00BDGC,E05000522,Hampton Wick,Richmond upon Thames,84.4,8.8,1.8,2.6,7.5,373.0712388
00BDGD,E05000523,Heathfield,Richmond upon Thames,82.7,15.2,4.0,2.0,1.7,341.9726039
00BDGE,E05000524,Kew,Richmond upon Thames,86.9,10.9,1.8,3.0,10.2,370.1709786
00BDGF,E05000525,Mortlake and Barnes Common,Richmond upon Thames,84.7,9.0,2.5,3.1,5.4,341.205632
00BDGG,E05000526,North Richmond,Richmond upon Thames,85.9,12.7,2.4,4.4,6.6,354.0977897
00BDGH,E05000527,St Margarets and North Twickenham,Richmond upon Thames,85.4,10.1,1.7,3.0,2.6,373.6921486
00BDGJ,E05000528,South Richmond,Richmond upon Thames,84.0,7.4,1.9,4.1,5.9,350.0267576
00BDGK,E05000529,South Twickenham,Richmond upon Thames,85.6,6.7,1.8,3.5,0.1,389.3752957
00BDGL,E05000530,Teddington,Richmond upon Thames,83.3,7.1,1.9,3.1,7.9,382.88275
00BDGM,E05000531,Twickenham Riverside,Richmond upon Thames,82.9,7.0,1.7,4.3,4.1,387.0625064
00BDGN,E05000532,West Twickenham,Richmond upon Thames,83.6,13.7,2.3,2.7,8.1,352.362136
00BDGP,E05000533,Whitton,Richmond upon Thames,82.6,13.6,2.8,2.4,-2.8,359.6267675
00BEGC,E05000534,Brunswick Park,Southwark,80.2,23.9,10.3,4.0,-10.2,339.1350645
00BEGD,E05000535,Camberwell Green,Southwark,77.4,26.3,11.3,5.6,-7.0,338.5655101
00BEGE,E05000536,Cathedrals,Southwark,79.9,28.3,7.1,7.7,-13.0,334.4345369
00BEGF,E05000537,Chaucer,Southwark,82.1,31.8,6.2,6.6,-12.1,334.2556275
00BEGG,E05000538,College,Southwark,83.4,21.1,6.0,3.3,2.2,333.8492171
00BEGH,E05000539,East Dulwich,Southwark,82.3,15.8,4.6,4.1,-10.1,348.1257313
00BEGJ,E05000540,East Walworth,Southwark,80.4,26.5,7.6,5.7,-2.2,329.2111812
00BEGK,E05000541,Faraday,Southwark,81.6,29.7,10.6,4.4,0.2,326.2867267
00BEGL,E05000542,Grange,Southwark,78.6,24.8,7.0,4.8,-15.0,323.2047169
00BEGM,E05000543,Livesey,Southwark,81.8,27.6,12.6,4.2,-12.2,324.6655679
00BEGN,E05000544,Newington,Southwark,81.1,25.7,8.5,5.9,-7.3,336.4223547
00BEGP,E05000545,Nunhead,Southwark,77.7,25.7,11.2,4.5,-8.7,333.8093445
00BEGQ,E05000546,Peckham,Southwark,78.5,27.7,13.5,4.1,-8.7,327.6067617
00BEGR,E05000547,Peckham Rye,Southwark,81.9,21.5,5.7,3.4,5.3,336.2045563
00BEGS,E05000548,Riverside,Southwark,81.7,35.8,5.1,4.5,-8.3,326.8894755
00BEGT,E05000549,Rotherhithe,Southwark,80.3,30.1,5.7,4.9,4.8,328.0302985
00BEGU,E05000550,South Bermondsey,Southwark,81.5,29.6,8.3,3.6,-9.5,323.2513141
00BEGW,E05000551,South Camberwell,Southwark,83.8,27.5,6.4,4.4,-12.4,343.6372687
00BEGX,E05000552,Surrey Docks,Southwark,80.4,27.6,3.8,2.7,-4.8,328.3072147
00BEGY,E05000553,The Lane,Southwark,81.1,24.9,9.2,5.7,-5.6,327.7501415
00BEGZ,E05000554,Village,Southwark,84.8,11.9,3.0,3.8,0.7,370.1548578
00BFGC,E05000555,Beddington North,Sutton,83.3,22.0,3.5,2.6,9.6,357.2493602
00BFGD,E05000556,Beddington South,Sutton,82.3,23.3,6.0,2.0,2.4,343.4440748
00BFGE,E05000557,Belmont,Sutton,83.2,17.3,2.7,2.2,-12.3,370.5432381
00BFGF,E05000558,Carshalton Central,Sutton,83.5,13.8,3.2,3.1,-1.4,372.5751754
00BFGG,E05000559,Carshalton South and Clockhouse,Sutton,83.0,15.3,2.7,2.0,7.1,370.6374137
00BFGH,E05000560,Cheam,Sutton,82.9,13.5,2.1,2.1,-4.1,388.9946651
00BFGJ,E05000561,Nonsuch,Sutton,86.2,14.4,2.0,2.2,-1.7,375.1126898
00BFGK,E05000562,St Helier,Sutton,80.8,24.5,6.9,2.9,0.9,322.3553253
00BFGL,E05000563,Stonecot,Sutton,81.4,16.3,2.8,2.4,-2.1,367.5498507
00BFGM,E05000564,Sutton Central,Sutton,81.3,20.1,5.1,4.3,-11.7,339.7241476
00BFGN,E05000565,Sutton North,Sutton,82.9,18.5,3.5,3.1,-7.1,356.4480381
00BFGP,E05000566,Sutton South,Sutton,80.5,19.1,3.4,3.3,-18.5,365.0802342
00BFGQ,E05000567,Sutton West,Sutton,81.9,16.7,2.6,3.4,-0.4,375.2360866
00BFGR,E05000568,The Wrythe,Sutton,80.0,18.6,4.3,2.5,-5.5,341.7272791
00BFGS,E05000569,Wallington North,Sutton,82.4,16.4,3.3,3.3,-2.5,361.6007785
00BFGT,E05000570,Wallington South,Sutton,82.6,18.9,4.0,3.2,-6.1,371.2055499
00BFGU,E05000571,Wandle Valley,Sutton,79.9,21.1,6.5,2.3,6.9,323.0443247
00BFGW,E05000572,Worcester Park,Sutton,84.1,17.3,2.4,2.3,-0.7,370.7398699
00BGFW,E05000573,Bethnal Green North,Tower Hamlets,78.2,27.1,12.1,6.0,3.3,333.4422825
00BGFX,E05000574,Bethnal Green South,Tower Hamlets,79.3,24.8,10.7,6.7,5.8,330.7610755
00BGFY,E05000575,Blackwall and Cubitt Town,Tower Hamlets,81.8,24.9,5.4,3.6,3.0,325.7408883
00BGFZ,E05000576,Bow East,Tower Hamlets,79.3,27.7,10.2,3.6,2.8,318.1511818
00BGGA,E05000577,Bow West,Tower Hamlets,80.8,21.8,8.8,5.4,6.3,334.5903475
00BGGB,E05000578,Bromley-by-Bow,Tower Hamlets,81.3,26.2,13.9,4.3,-1.1,334.9458525
00BGGC,E05000579,East India and Lansbury,Tower Hamlets,78.2,28.8,17.8,3.4,0.8,320.7083664
00BGGD,E05000580,Limehouse,Tower Hamlets,77.5,26.2,10.4,4.6,3.4,323.3549545
00BGGE,E05000581,Mile End and Globe Town,Tower Hamlets,78.6,25.5,8.4,5.5,-1.0,333.2628866
00BGGF,E05000582,Mile End East,Tower Hamlets,80.0,26.6,13.3,5.3,2.7,323.1248569
00BGGG,E05000583,Millwall,Tower Hamlets,82.7,23.3,4.7,3.4,-4.6,332.331826
00BGGH,E05000584,St Dunstan's and Stepney Green,Tower Hamlets,78.9,26.7,13.2,5.1,5.9,343.5378917
00BGGJ,E05000585,St Katharine's and Wapping,Tower Hamlets,81.5,22.8,4.5,3.9,-2.1,348.6663393
00BGGK,E05000586,Shadwell,Tower Hamlets,81.2,24.9,12.7,5.3,-3.9,341.3706022
00BGGL,E05000587,Spitalfields and Banglatown,Tower Hamlets,79.8,23.8,13.0,6.5,-13.7,335.0892608
00BGGM,E05000588,Weavers,Tower Hamlets,79.0,25.0,11.1,5.2,6.4,335.5083588
00BGGN,E05000589,Whitechapel,Tower Hamlets,77.0,26.1,9.5,6.4,-9.2,340.1632222
00BHFX,E05000590,Cann Hall,Waltham Forest,79.5,22.8,10.1,2.9,0.7,316.272176
00BHFY,E05000591,Cathall,Waltham Forest,81.5,21.6,12.0,4.5,4.2,318.9244982
00BHFZ,E05000592,Chapel End,Waltham Forest,83.4,22.5,7.4,2.9,5.3,328.2927383
00BHGA,E05000593,Chingford Green,Waltham Forest,82.1,19.4,4.9,2.7,8.2,349.2123646
00BHGB,E05000594,Endlebury,Waltham Forest,85.6,18.3,4.8,2.3,3.2,343.0480513
00BHGC,E05000595,Forest,Waltham Forest,81.5,18.9,7.3,4.2,6.6,328.4667619
00BHGD,E05000596,Grove Green,Waltham Forest,83.5,17.4,7.9,4.2,-5.1,325.3280154
00BHGE,E05000597,Hale End and Highams Park,Waltham Forest,83.5,15.6,6.6,2.4,5.0,340.4984161
00BHGF,E05000598,Hatch Lane,Waltham Forest,80.4,19.6,6.7,2.4,3.3,338.5239455
00BHGG,E05000599,High Street,Waltham Forest,82.6,24.4,8.0,4.2,18.3,335.4724519
00BHGH,E05000600,Higham Hill,Waltham Forest,80.9,25.8,10.6,2.6,10.9,322.0359858
00BHGJ,E05000601,Hoe Street,Waltham Forest,79.7,24.5,11.4,5.1,0.7,327.6419643
00BHGK,E05000602,Larkswood,Waltham Forest,82.3,24.9,6.2,2.8,8.5,335.7546438
00BHGL,E05000603,Lea Bridge,Waltham Forest,78.1,22.2,11.6,3.6,12.4,323.8446978
00BHGM,E05000604,Leyton,Waltham Forest,80.5,20.0,11.8,3.8,8.3,310.0052957
00BHGN,E05000605,Leytonstone,Waltham Forest,80.6,17.7,7.1,4.9,-3.0,337.8293908
00BHGP,E05000606,Markhouse,Waltham Forest,81.2,22.3,11.2,4.1,7.8,333.4075201
00BHGQ,E05000607,Valley,Waltham Forest,83.0,20.1,7.8,2.4,-0.4,328.1200923
00BHGR,E05000608,William Morris,Waltham Forest,80.4,22.8,8.7,3.3,-0.1,323.9890356
00BHGS,E05000609,Wood Street,Waltham Forest,80.2,18.9,9.2,3.5,1.7,334.4659795
00BJFZ,E05000610,Balham,Wandsworth,84.6,9.1,2.6,4.7,-6.9,359.6560276
00BJGA,E05000611,Bedford,Wandsworth,81.3,16.3,3.2,4.1,2.5,340.7298373
00BJGB,E05000612,Earlsfield,Wandsworth,81.9,18.7,3.3,3.7,1.3,348.8930675
00BJGC,E05000613,East Putney,Wandsworth,83.3,14.8,2.2,4.3,-7.1,333.905619
00BJGD,E05000614,Fairfield,Wandsworth,80.8,19.8,2.9,5.3,-6.5,347.6425461
00BJGE,E05000615,Furzedown,Wandsworth,82.4,17.9,6.5,3.1,-4.8,347.1415251
00BJGF,E05000616,Graveney,Wandsworth,82.1,23.0,5.1,5.2,-9.4,339.2962963
00BJGG,E05000617,Latchmere,Wandsworth,79.7,26.4,7.9,5.4,-1.6,342.6266269
00BJGH,E05000618,Nightingale,Wandsworth,79.4,15.8,2.9,5.3,-7.5,349.81
00BJGJ,E05000619,Northcote,Wandsworth,84.9,14.2,2.5,5.0,-0.4,346.5232051
00BJGK,E05000620,Queenstown,Wandsworth,82.1,27.9,5.0,4.3,2.5,325.1180885
00BJGL,E05000621,Roehampton,Wandsworth,79.6,22.7,8.4,2.9,10.3,331.9341493
00BJGM,E05000622,St Mary's Park,Wandsworth,78.6,26.5,4.2,3.6,-1.0,338.3583354
00BJGN,E05000623,Shaftesbury,Wandsworth,81.5,26.6,3.1,5.1,-9.7,342.0893484
00BJGP,E05000624,Southfields,Wandsworth,83.2,15.9,2.7,3.7,-4.3,366.1682483
00BJGQ,E05000625,Thamesfield,Wandsworth,85.9,9.4,1.6,4.6,3.9,370.6394902
00BJGR,E05000626,Tooting,Wandsworth,81.1,21.8,5.8,5.1,-0.7,335.8514074
00BJGS,E05000627,Wandsworth Common,Wandsworth,80.6,14.1,2.3,2.6,3.4,348.4848986
00BJGT,E05000628,West Hill,Wandsworth,80.0,20.6,4.4,2.9,-1.2,341.41599
00BJGU,E05000629,West Putney,Wandsworth,81.2,18.5,4.0,2.8,-4.6,334.5783311
00BKGA,E05000630,Abbey Road,Westminster,87.9,22.3,2.3,5.3,-1.1,333.326625
00BKGB,E05000631,Bayswater,Westminster,84.5,21.2,4.1,6.1,3.4,351.6559259
00BKGC,E05000632,Bryanston and Dorset Square,Westminster,85.9,30.8,3.4,8.0,-7.1,350.9667619
00BKGD,E05000633,Churchill,Westminster,82.8,25.6,6.5,4.8,4.6,337.3126264
00BKGE,E05000634,Church Street,Westminster,81.0,28.1,11.7,6.3,0.2,341.1081473
00BKGF,E05000635,Harrow Road,Westminster,80.1,25.3,10.9,5.5,-11.5,345.9730678
00BKGG,E05000636,Hyde Park,Westminster,83.3,19.8,3.2,7.8,1.0,350.8447863
00BKGH,E05000637,Knightsbridge and Belgravia,Westminster,90.3,25.0,0.5,6.6,12.6,367.9006667
00BKGJ,E05000638,Lancaster Gate,Westminster,85.7,23.4,3.3,7.2,-2.2,360.0994717
00BKGK,E05000639,Little Venice,Westminster,82.9,25.9,3.6,5.6,0.3,340.2624377
00BKGL,E05000640,Maida Vale,Westminster,83.5,25.8,4.5,5.3,8.9,333.1347219
00BKGM,E05000641,Marylebone High Street,Westminster,84.9,25.0,1.4,7.8,-1.8,365.775641
00BKGN,E05000642,Queen's Park,Westminster,80.0,27.1,13.6,5.0,-11.7,334.2140362
00BKGP,E05000643,Regent's Park,Westminster,85.4,24.1,2.4,5.2,16.9,348.5972849
00BKGQ,E05000644,St James's,Westminster,84.0,23.8,5.6,7.5,8.1,324.0093021
00BKGR,E05000645,Tachbrook,Westminster,83.8,22.8,2.7,6.2,7.7,353.4506645
00BKGS,E05000646,Vincent Square,Westminster,82.5,21.6,4.0,6.8,9.5,343.9083202
00BKGT,E05000647,Warwick,Westminster,84.3,20.1,3.7,6.5,3.4,345.3035934
00BKGU,E05000648,Westbourne,Westminster,78.3,27.0,9.3,4.8,5.6,351.2710986
00BKGW,E05000649,West End,Westminster,82.9,21.8,3.2,7.9,-5.0,336.9737586